{"cameraMode":{"drawMode":0,"name":"Shaded","section":"Shading Mode"},"sceneLighting":true,"audioPlay":false,"sceneViewState":{"showFog":false,"showMaterialUpdate":false,"showSkybox":false,"showFlares":false,"showImageEffects":false,"showParticleSystems":false},"in2DMode":false,"pivot":{"x":11.321525573730469,"y":4.780894756317139,"z":-3.268231153488159},"rotation":{"x":-0.20091575384140016,"y":0.7801230549812317,"z":-0.3106054663658142,"w":-0.5046751499176025},"size":95.13250732421875,"orthographic":true}