{"cameraMode":{"drawMode":0,"name":"Shaded","section":"Shading Mode"},"sceneLighting":true,"audioPlay":false,"sceneViewState":{"showFog":false,"showMaterialUpdate":false,"showSkybox":false,"showFlares":false,"showImageEffects":false,"showParticleSystems":false},"in2DMode":false,"pivot":{"x":178.60714721679688,"y":404.80780029296877,"z":141.4393310546875},"rotation":{"x":0.11366096138954163,"y":0.04022612422704697,"z":-0.004605225753039122,"w":0.9926998615264893},"size":1112.59326171875,"orthographic":false}