{"cameraMode":{"drawMode":0,"name":"Shaded","section":"Shading Mode"},"sceneLighting":false,"audioPlay":false,"sceneViewState":{"showFog":false,"showMaterialUpdate":false,"showSkybox":false,"showFlares":false,"showImageEffects":false,"showParticleSystems":false},"in2DMode":false,"pivot":{"x":0.01565873622894287,"y":0.26629388332366946,"z":0.10203695297241211},"rotation":{"x":-0.18562160432338715,"y":0.23389172554016114,"z":-0.04554367810487747,"w":-0.9533005356788635},"size":3.9720990657806398,"orthographic":false}