{"cameraMode":{"drawMode":0,"name":"Shaded","section":"Shading Mode"},"sceneLighting":false,"audioPlay":false,"sceneViewState":{"showFog":false,"showMaterialUpdate":false,"showSkybox":false,"showFlares":false,"showImageEffects":false,"showParticleSystems":false},"in2DMode":false,"pivot":{"x":-157.39328002929688,"y":3.1712160110473635,"z":309.3000183105469},"rotation":{"x":-0.1094147190451622,"y":-0.05603412538766861,"z":0.006178523879498243,"w":-0.9924027323722839},"size":2.8578836917877199,"orthographic":false}