{"cameraMode":{"drawMode":0,"name":"Shaded","section":"Shading Mode"},"sceneLighting":false,"audioPlay":false,"sceneViewState":{"showFog":false,"showMaterialUpdate":false,"showSkybox":false,"showFlares":false,"showImageEffects":false,"showParticleSystems":false},"in2DMode":false,"pivot":{"x":-0.26344162225723269,"y":-0.28695446252822878,"z":-0.29632246494293215},"rotation":{"x":-0.18562160432338715,"y":0.23389172554016114,"z":-0.04554367810487747,"w":-0.9533005356788635},"size":2.1720993518829347,"orthographic":false}