{"cameraMode":{"drawMode":0,"name":"Shaded","section":"Shading Mode"},"sceneLighting":false,"audioPlay":false,"sceneViewState":{"showFog":false,"showMaterialUpdate":false,"showSkybox":false,"showFlares":false,"showImageEffects":false,"showParticleSystems":false},"in2DMode":false,"pivot":{"x":3.5020751953125,"y":0.66650390625,"z":0.03515625},"rotation":{"x":0.4618414640426636,"y":-0.08358781039714813,"z":0.04378313198685646,"w":0.8819436430931091},"size":12.486845016479493,"orthographic":true}